"","ID","Description","GeneRatio","BgRatio","pvalue","p.adjust","qvalue","geneID","Count"
"GO:0060348","GO:0060348","bone development","10/143","215/18870",5.71720854312698e-06,0.00774858847416135,0.00662082733282192,"KAT2A/TWIST1/STC1/CBS/INPPL1/DCHS1/PPIB/ASXL1/EXT1/BGN",10
"GO:0048706","GO:0048706","embryonic skeletal system development","8/143","128/18870",5.94216907527711e-06,0.00774858847416135,0.00662082733282192,"SIX4/MDFI/TWIST1/SIX1/HOXD1/DLX1/SOX11/EXT1",8
"GO:0048705","GO:0048705","skeletal system morphogenesis","10/143","230/18870",1.03368719176828e-05,0.00898618732043894,0.00767830099990686,"SIX4/MGP/MDFI/TWIST1/SIX1/STC1/CBS/INPPL1/SOX11/EXT1",10
"GO:0016055","GO:0016055","Wnt signaling pathway","11/143","459/18870",0.000759170778118112,0.0603391535490926,0.0515571472648648,"TMEM132A/WNK1/SMURF2/MDK/MDFI/DAB2IP/DAPK3/NXN/FZD4/SHISA2/EXT1",11
"GO:0050673","GO:0050673","epithelial cell proliferation","11/143","480/18870",0.00109120344587555,0.0604799109053098,0.0516774182218844,"CEACAM1/SIX4/MDK/TWIST1/TRIM24/SIX1/HTR2B/HLX/DAB2IP/EMC10/SOX11",11
